{"traceEvents":[
{"cat":"timing","pid":1,"tid":0,"ts":375106.900 ,"ph":"B","name":"workerThreadWait0","args":{}},
{"cat":"timing","pid":1,"tid":0,"ts":391014.000 ,"ph":"E","name":"workerThreadWait0","args":{}},
{"cat":"timing","pid":1,"tid":0,"ts":375103.500 ,"ph":"B","name":"CMD_CONFIGURE_OPENGL_VISUALIZER1","args":{}},
{"cat":"timing","pid":1,"tid":0,"ts":400768.300 ,"ph":"E","name":"CMD_CONFIGURE_OPENGL_VISUALIZER1","args":{}},
{"cat":"timing","pid":1,"tid":0,"ts":400776.000 ,"ph":"B","name":"workerThreadWait2","args":{}},
{"cat":"timing","pid":1,"tid":0,"ts":400777.500 ,"ph":"E","name":"workerThreadWait2","args":{}},
{"cat":"timing","pid":1,"tid":0,"ts":400775.700 ,"ph":"B","name":"CMD_CONFIGURE_OPENGL_VISUALIZER3","args":{}},
{"cat":"timing","pid":1,"tid":0,"ts":400777.500 ,"ph":"E","name":"CMD_CONFIGURE_OPENGL_VISUALIZER3","args":{}},
{"cat":"timing","pid":1,"tid":0,"ts":400779.500 ,"ph":"B","name":"workerThreadWait4","args":{}},
{"cat":"timing","pid":1,"tid":0,"ts":400780.000 ,"ph":"E","name":"workerThreadWait4","args":{}},
{"cat":"timing","pid":1,"tid":0,"ts":400779.400 ,"ph":"B","name":"CMD_CONFIGURE_OPENGL_VISUALIZER5","args":{}},
{"cat":"timing","pid":1,"tid":0,"ts":400780.000 ,"ph":"E","name":"CMD_CONFIGURE_OPENGL_VISUALIZER5","args":{}},
{"cat":"timing","pid":1,"tid":0,"ts":401152.700 ,"ph":"B","name":"tinyobj::LoadObj6","args":{}},
{"cat":"timing","pid":1,"tid":0,"ts":428880.300 ,"ph":"E","name":"tinyobj::LoadObj6","args":{}},
{"cat":"timing","pid":1,"tid":0,"ts":430552.400 ,"ph":"B","name":"Load Texture7","args":{}},
{"cat":"timing","pid":1,"tid":0,"ts":441141.300 ,"ph":"E","name":"Load Texture7","args":{}},
{"cat":"timing","pid":1,"tid":0,"ts":401100.300 ,"ph":"B","name":"loadAndRegisterMeshFromFileInternal8","args":{}},
{"cat":"timing","pid":1,"tid":0,"ts":441250.500 ,"ph":"E","name":"loadAndRegisterMeshFromFileInternal8","args":{}},
{"cat":"timing","pid":1,"tid":0,"ts":441352.400 ,"ph":"B","name":"glmesh9","args":{}},
{"cat":"timing","pid":1,"tid":0,"ts":443041.300 ,"ph":"E","name":"glmesh9","args":{}},
{"cat":"timing","pid":1,"tid":0,"ts":401099.200 ,"ph":"B","name":"convertURDFToVisualShapeInternal10","args":{}},
{"cat":"timing","pid":1,"tid":0,"ts":443151.400 ,"ph":"E","name":"convertURDFToVisualShapeInternal10","args":{}},
{"cat":"timing","pid":1,"tid":0,"ts":443152.600 ,"ph":"B","name":"workerThreadWait11","args":{}},
{"cat":"timing","pid":1,"tid":0,"ts":448932.500 ,"ph":"E","name":"workerThreadWait11","args":{}},
{"cat":"timing","pid":1,"tid":0,"ts":448933.700 ,"ph":"B","name":"workerThreadWait12","args":{}},
{"cat":"timing","pid":1,"tid":0,"ts":458192.800 ,"ph":"E","name":"workerThreadWait12","args":{}},
{"cat":"timing","pid":1,"tid":0,"ts":448933.500 ,"ph":"B","name":"registerGraphicsShape13","args":{}},
{"cat":"timing","pid":1,"tid":0,"ts":458193.000 ,"ph":"E","name":"registerGraphicsShape13","args":{}},
{"cat":"timing","pid":1,"tid":0,"ts":401097.700 ,"ph":"B","name":"convertLinkVisualShapes14","args":{}},
{"cat":"timing","pid":1,"tid":0,"ts":458363.900 ,"ph":"E","name":"convertLinkVisualShapes14","args":{}},
{"cat":"timing","pid":1,"tid":0,"ts":458375.000 ,"ph":"B","name":"workerThreadWait15","args":{}},
{"cat":"timing","pid":1,"tid":0,"ts":458380.400 ,"ph":"E","name":"workerThreadWait15","args":{}},
{"cat":"timing","pid":1,"tid":0,"ts":458380.600 ,"ph":"B","name":"workerThreadWait16","args":{}},
{"cat":"timing","pid":1,"tid":0,"ts":458382.800 ,"ph":"E","name":"workerThreadWait16","args":{}},
{"cat":"timing","pid":1,"tid":0,"ts":458477.600 ,"ph":"B","name":"tinyobj::LoadObj17","args":{}},
{"cat":"timing","pid":1,"tid":0,"ts":458697.800 ,"ph":"E","name":"tinyobj::LoadObj17","args":{}},
{"cat":"timing","pid":1,"tid":0,"ts":460410.600 ,"ph":"B","name":"Load Texture18","args":{}},
{"cat":"timing","pid":1,"tid":0,"ts":460468.000 ,"ph":"E","name":"Load Texture18","args":{}},
{"cat":"timing","pid":1,"tid":0,"ts":458388.300 ,"ph":"B","name":"loadAndRegisterMeshFromFileInternal19","args":{}},
{"cat":"timing","pid":1,"tid":0,"ts":460523.700 ,"ph":"E","name":"loadAndRegisterMeshFromFileInternal19","args":{}},
{"cat":"timing","pid":1,"tid":0,"ts":458387.400 ,"ph":"B","name":"convertURDFToVisualShape20","args":{}},
{"cat":"timing","pid":1,"tid":0,"ts":462466.700 ,"ph":"E","name":"convertURDFToVisualShape20","args":{}},
{"cat":"timing","pid":1,"tid":0,"ts":462467.800 ,"ph":"B","name":"setColorRGBA21","args":{}},
{"cat":"timing","pid":1,"tid":0,"ts":462468.200 ,"ph":"E","name":"setColorRGBA21","args":{}},
{"cat":"timing","pid":1,"tid":0,"ts":462468.400 ,"ph":"B","name":"new TGAImage22","args":{}},
{"cat":"timing","pid":1,"tid":0,"ts":464078.700 ,"ph":"E","name":"new TGAImage22","args":{}},
{"cat":"timing","pid":1,"tid":0,"ts":464078.800 ,"ph":"B","name":"copy texels23","args":{}},
{"cat":"timing","pid":1,"tid":0,"ts":464348.700 ,"ph":"E","name":"copy texels23","args":{}},
{"cat":"timing","pid":1,"tid":0,"ts":464348.800 ,"ph":"B","name":"flip_vertically24","args":{}},
{"cat":"timing","pid":1,"tid":0,"ts":464664.000 ,"ph":"E","name":"flip_vertically24","args":{}},
{"cat":"timing","pid":1,"tid":0,"ts":462468.200 ,"ph":"B","name":"setDiffuseTextureFromData25","args":{}},
{"cat":"timing","pid":1,"tid":0,"ts":464664.100 ,"ph":"E","name":"setDiffuseTextureFromData25","args":{}},
{"cat":"timing","pid":1,"tid":0,"ts":464664.100 ,"ph":"B","name":"reserveMemory26","args":{}},
{"cat":"timing","pid":1,"tid":0,"ts":464678.800 ,"ph":"E","name":"reserveMemory26","args":{}},
{"cat":"timing","pid":1,"tid":0,"ts":464678.800 ,"ph":"B","name":"addVertex27","args":{}},
{"cat":"timing","pid":1,"tid":0,"ts":465429.300 ,"ph":"E","name":"addVertex27","args":{}},
{"cat":"timing","pid":1,"tid":0,"ts":465429.400 ,"ph":"B","name":"addTriangle28","args":{}},
{"cat":"timing","pid":1,"tid":0,"ts":468556.500 ,"ph":"E","name":"addTriangle28","args":{}},
{"cat":"timing","pid":1,"tid":0,"ts":462467.700 ,"ph":"B","name":"registerMeshShape29","args":{}},
{"cat":"timing","pid":1,"tid":0,"ts":468556.500 ,"ph":"E","name":"registerMeshShape29","args":{}},
{"cat":"timing","pid":1,"tid":0,"ts":401093.900 ,"ph":"B","name":"ConvertURDF2BulletInternal230","args":{}},
{"cat":"timing","pid":1,"tid":0,"ts":468666.600 ,"ph":"E","name":"ConvertURDF2BulletInternal230","args":{}},
{"cat":"timing","pid":1,"tid":0,"ts":401093.200 ,"ph":"B","name":"ConvertURDF2Bullet31","args":{}},
{"cat":"timing","pid":1,"tid":0,"ts":468667.000 ,"ph":"E","name":"ConvertURDF2Bullet31","args":{}},
{"cat":"timing","pid":1,"tid":0,"ts":401083.300 ,"ph":"B","name":"processImportedObjects32","args":{}},
{"cat":"timing","pid":1,"tid":0,"ts":468675.200 ,"ph":"E","name":"processImportedObjects32","args":{}},
{"cat":"timing","pid":1,"tid":0,"ts":468675.700 ,"ph":"B","name":"workerThreadWait33","args":{}},
{"cat":"timing","pid":1,"tid":0,"ts":468678.200 ,"ph":"E","name":"workerThreadWait33","args":{}},
{"cat":"timing","pid":1,"tid":0,"ts":468675.500 ,"ph":"B","name":"autogenerateGraphicsObjects34","args":{}},
{"cat":"timing","pid":1,"tid":0,"ts":468678.200 ,"ph":"E","name":"autogenerateGraphicsObjects34","args":{}},
{"cat":"timing","pid":1,"tid":0,"ts":468678.200 ,"ph":"B","name":"createBodyInfoStream35","args":{}},
{"cat":"timing","pid":1,"tid":0,"ts":468741.600 ,"ph":"E","name":"createBodyInfoStream35","args":{}},
{"cat":"timing","pid":1,"tid":0,"ts":468675.200 ,"ph":"B","name":"post process36","args":{}},
{"cat":"timing","pid":1,"tid":0,"ts":468741.600 ,"ph":"E","name":"post process36","args":{}},
{"cat":"timing","pid":1,"tid":0,"ts":401083.200 ,"ph":"B","name":"processCreateMultiBodyCommand237","args":{}},
{"cat":"timing","pid":1,"tid":0,"ts":468741.800 ,"ph":"E","name":"processCreateMultiBodyCommand237","args":{}},
{"cat":"timing","pid":1,"tid":0,"ts":468908.400 ,"ph":"B","name":"workerThreadWait38","args":{}},
{"cat":"timing","pid":1,"tid":0,"ts":468909.000 ,"ph":"E","name":"workerThreadWait38","args":{}},
{"cat":"timing","pid":1,"tid":0,"ts":468908.300 ,"ph":"B","name":"CMD_CONFIGURE_OPENGL_VISUALIZER39","args":{}},
{"cat":"timing","pid":1,"tid":0,"ts":468909.100 ,"ph":"E","name":"CMD_CONFIGURE_OPENGL_VISUALIZER39","args":{}},
{"cat":"timing","pid":1,"tid":1,"ts":365611.000 ,"ph":"B","name":"processServerCMD40","args":{}},
{"cat":"timing","pid":1,"tid":1,"ts":365612.500 ,"ph":"E","name":"processServerCMD40","args":{}},
{"cat":"timing","pid":1,"tid":1,"ts":375102.100 ,"ph":"B","name":"b3SubmitClientCommand41","args":{}},
{"cat":"timing","pid":1,"tid":1,"ts":375102.200 ,"ph":"E","name":"b3SubmitClientCommand41","args":{}},
{"cat":"timing","pid":1,"tid":1,"ts":400771.200 ,"ph":"B","name":"CMD_CLIENT_COMMAND_COMPLETED42","args":{}},
{"cat":"timing","pid":1,"tid":1,"ts":400771.200 ,"ph":"E","name":"CMD_CLIENT_COMMAND_COMPLETED42","args":{}},
{"cat":"timing","pid":1,"tid":1,"ts":400769.800 ,"ph":"B","name":"processServerCMD43","args":{}},
{"cat":"timing","pid":1,"tid":1,"ts":400771.900 ,"ph":"E","name":"processServerCMD43","args":{}},
{"cat":"timing","pid":1,"tid":1,"ts":375102.300 ,"ph":"B","name":"b3ProcessServerStatus44","args":{}},
{"cat":"timing","pid":1,"tid":1,"ts":400771.900 ,"ph":"E","name":"b3ProcessServerStatus44","args":{}},
{"cat":"timing","pid":1,"tid":1,"ts":375101.200 ,"ph":"B","name":"b3SubmitClientCommandAndWaitStatus45","args":{}},
{"cat":"timing","pid":1,"tid":1,"ts":400772.100 ,"ph":"E","name":"b3SubmitClientCommandAndWaitStatus45","args":{}},
{"cat":"timing","pid":1,"tid":1,"ts":400775.200 ,"ph":"B","name":"b3SubmitClientCommand46","args":{}},
{"cat":"timing","pid":1,"tid":1,"ts":400775.300 ,"ph":"E","name":"b3SubmitClientCommand46","args":{}},
{"cat":"timing","pid":1,"tid":1,"ts":400778.000 ,"ph":"B","name":"CMD_CLIENT_COMMAND_COMPLETED47","args":{}},
{"cat":"timing","pid":1,"tid":1,"ts":400778.000 ,"ph":"E","name":"CMD_CLIENT_COMMAND_COMPLETED47","args":{}},
{"cat":"timing","pid":1,"tid":1,"ts":400777.700 ,"ph":"B","name":"processServerCMD48","args":{}},
{"cat":"timing","pid":1,"tid":1,"ts":400778.100 ,"ph":"E","name":"processServerCMD48","args":{}},
{"cat":"timing","pid":1,"tid":1,"ts":400775.300 ,"ph":"B","name":"b3ProcessServerStatus49","args":{}},
{"cat":"timing","pid":1,"tid":1,"ts":400778.100 ,"ph":"E","name":"b3ProcessServerStatus49","args":{}},
{"cat":"timing","pid":1,"tid":1,"ts":400775.000 ,"ph":"B","name":"b3SubmitClientCommandAndWaitStatus50","args":{}},
{"cat":"timing","pid":1,"tid":1,"ts":400778.100 ,"ph":"E","name":"b3SubmitClientCommandAndWaitStatus50","args":{}},
{"cat":"timing","pid":1,"tid":1,"ts":400779.300 ,"ph":"B","name":"b3SubmitClientCommand51","args":{}},
{"cat":"timing","pid":1,"tid":1,"ts":400779.300 ,"ph":"E","name":"b3SubmitClientCommand51","args":{}},
{"cat":"timing","pid":1,"tid":1,"ts":400780.400 ,"ph":"B","name":"CMD_CLIENT_COMMAND_COMPLETED52","args":{}},
{"cat":"timing","pid":1,"tid":1,"ts":400780.500 ,"ph":"E","name":"CMD_CLIENT_COMMAND_COMPLETED52","args":{}},
{"cat":"timing","pid":1,"tid":1,"ts":400780.200 ,"ph":"B","name":"processServerCMD53","args":{}},
{"cat":"timing","pid":1,"tid":1,"ts":400780.500 ,"ph":"E","name":"processServerCMD53","args":{}},
{"cat":"timing","pid":1,"tid":1,"ts":400779.300 ,"ph":"B","name":"b3ProcessServerStatus54","args":{}},
{"cat":"timing","pid":1,"tid":1,"ts":400780.500 ,"ph":"E","name":"b3ProcessServerStatus54","args":{}},
{"cat":"timing","pid":1,"tid":1,"ts":400779.100 ,"ph":"B","name":"b3SubmitClientCommandAndWaitStatus55","args":{}},
{"cat":"timing","pid":1,"tid":1,"ts":400780.600 ,"ph":"E","name":"b3SubmitClientCommandAndWaitStatus55","args":{}},
{"cat":"timing","pid":1,"tid":1,"ts":400804.600 ,"ph":"B","name":"b3SubmitClientCommand56","args":{}},
{"cat":"timing","pid":1,"tid":1,"ts":400804.700 ,"ph":"E","name":"b3SubmitClientCommand56","args":{}},
{"cat":"timing","pid":1,"tid":1,"ts":401061.600 ,"ph":"B","name":"processServerCMD57","args":{}},
{"cat":"timing","pid":1,"tid":1,"ts":401061.900 ,"ph":"E","name":"processServerCMD57","args":{}},
{"cat":"timing","pid":1,"tid":1,"ts":400804.700 ,"ph":"B","name":"b3ProcessServerStatus58","args":{}},
{"cat":"timing","pid":1,"tid":1,"ts":401061.900 ,"ph":"E","name":"b3ProcessServerStatus58","args":{}},
{"cat":"timing","pid":1,"tid":1,"ts":400804.400 ,"ph":"B","name":"b3SubmitClientCommandAndWaitStatus59","args":{}},
{"cat":"timing","pid":1,"tid":1,"ts":401062.000 ,"ph":"E","name":"b3SubmitClientCommandAndWaitStatus59","args":{}},
{"cat":"timing","pid":1,"tid":1,"ts":401082.400 ,"ph":"B","name":"b3SubmitClientCommand60","args":{}},
{"cat":"timing","pid":1,"tid":1,"ts":401082.500 ,"ph":"E","name":"b3SubmitClientCommand60","args":{}},
{"cat":"timing","pid":1,"tid":1,"ts":468743.000 ,"ph":"B","name":"CMD_URDF_LOADING_COMPLETED61","args":{}},
{"cat":"timing","pid":1,"tid":1,"ts":468904.800 ,"ph":"E","name":"CMD_URDF_LOADING_COMPLETED61","args":{}},
{"cat":"timing","pid":1,"tid":1,"ts":468742.400 ,"ph":"B","name":"processServerCMD62","args":{}},
{"cat":"timing","pid":1,"tid":1,"ts":468904.800 ,"ph":"E","name":"processServerCMD62","args":{}},
{"cat":"timing","pid":1,"tid":1,"ts":401082.500 ,"ph":"B","name":"b3ProcessServerStatus63","args":{}},
{"cat":"timing","pid":1,"tid":1,"ts":468904.900 ,"ph":"E","name":"b3ProcessServerStatus63","args":{}},
{"cat":"timing","pid":1,"tid":1,"ts":401082.300 ,"ph":"B","name":"b3SubmitClientCommandAndWaitStatus64","args":{}},
{"cat":"timing","pid":1,"tid":1,"ts":468905.000 ,"ph":"E","name":"b3SubmitClientCommandAndWaitStatus64","args":{}},
{"cat":"timing","pid":1,"tid":1,"ts":468907.900 ,"ph":"B","name":"b3SubmitClientCommand65","args":{}},
{"cat":"timing","pid":1,"tid":1,"ts":468908.000 ,"ph":"E","name":"b3SubmitClientCommand65","args":{}},
{"cat":"timing","pid":1,"tid":1,"ts":468909.500 ,"ph":"B","name":"CMD_CLIENT_COMMAND_COMPLETED66","args":{}},
{"cat":"timing","pid":1,"tid":1,"ts":468909.500 ,"ph":"E","name":"CMD_CLIENT_COMMAND_COMPLETED66","args":{}},
{"cat":"timing","pid":1,"tid":1,"ts":468909.200 ,"ph":"B","name":"processServerCMD67","args":{}},
{"cat":"timing","pid":1,"tid":1,"ts":468909.500 ,"ph":"E","name":"processServerCMD67","args":{}},
{"cat":"timing","pid":1,"tid":1,"ts":468908.000 ,"ph":"B","name":"b3ProcessServerStatus68","args":{}},
{"cat":"timing","pid":1,"tid":1,"ts":468909.600 ,"ph":"E","name":"b3ProcessServerStatus68","args":{}},
{"cat":"timing","pid":1,"tid":1,"ts":468907.800 ,"ph":"B","name":"b3SubmitClientCommandAndWaitStatus69","args":{}},
{"cat":"timing","pid":1,"tid":1,"ts":468909.600 ,"ph":"E","name":"b3SubmitClientCommandAndWaitStatus69","args":{}},
{"cat":"timing","pid":1,"tid":1,"ts":468911.000 ,"ph":"B","name":"b3SubmitClientCommand70","args":{}},
{"cat":"timing","pid":1,"tid":1,"ts":468911.000 ,"ph":"E","name":"b3SubmitClientCommand70","args":{}},
{"cat":"timing","pid":1,"tid":2,"ts":379357.900 ,"ph":"B","name":"texture71","args":{}},
{"cat":"timing","pid":1,"tid":2,"ts":379358.500 ,"ph":"E","name":"texture71","args":{}},
{"cat":"timing","pid":1,"tid":2,"ts":379356.000 ,"ph":"B","name":"init72","args":{}},
{"cat":"timing","pid":1,"tid":2,"ts":388854.600 ,"ph":"E","name":"init72","args":{}},
{"cat":"timing","pid":1,"tid":2,"ts":388882.100 ,"ph":"B","name":"updateCamera73","args":{}},
{"cat":"timing","pid":1,"tid":2,"ts":388882.800 ,"ph":"E","name":"updateCamera73","args":{}},
{"cat":"timing","pid":1,"tid":2,"ts":388882.800 ,"ph":"B","name":"glFlush274","args":{}},
{"cat":"timing","pid":1,"tid":2,"ts":388883.300 ,"ph":"E","name":"glFlush274","args":{}},
{"cat":"timing","pid":1,"tid":2,"ts":388888.300 ,"ph":"B","name":"glDrawElementsInstanced75","args":{}},
{"cat":"timing","pid":1,"tid":2,"ts":388889.700 ,"ph":"E","name":"glDrawElementsInstanced75","args":{}},
{"cat":"timing","pid":1,"tid":2,"ts":388889.700 ,"ph":"B","name":"glFlush76","args":{}},
{"cat":"timing","pid":1,"tid":2,"ts":388889.800 ,"ph":"E","name":"glFlush76","args":{}},
{"cat":"timing","pid":1,"tid":2,"ts":388889.900 ,"ph":"B","name":"glUseProgram(0);77","args":{}},
{"cat":"timing","pid":1,"tid":2,"ts":388890.000 ,"ph":"E","name":"glUseProgram(0);77","args":{}},
{"cat":"timing","pid":1,"tid":2,"ts":388919.700 ,"ph":"B","name":"texture78","args":{}},
{"cat":"timing","pid":1,"tid":2,"ts":388919.800 ,"ph":"E","name":"texture78","args":{}},
{"cat":"timing","pid":1,"tid":2,"ts":388919.500 ,"ph":"B","name":"init79","args":{}},
{"cat":"timing","pid":1,"tid":2,"ts":388919.800 ,"ph":"E","name":"init79","args":{}},
{"cat":"timing","pid":1,"tid":2,"ts":388920.200 ,"ph":"B","name":"updateCamera80","args":{}},
{"cat":"timing","pid":1,"tid":2,"ts":388920.300 ,"ph":"E","name":"updateCamera80","args":{}},
{"cat":"timing","pid":1,"tid":2,"ts":388920.300 ,"ph":"B","name":"glFlush281","args":{}},
{"cat":"timing","pid":1,"tid":2,"ts":388920.300 ,"ph":"E","name":"glFlush281","args":{}},
{"cat":"timing","pid":1,"tid":2,"ts":388921.200 ,"ph":"B","name":"glDrawElementsInstanced82","args":{}},
{"cat":"timing","pid":1,"tid":2,"ts":388922.100 ,"ph":"E","name":"glDrawElementsInstanced82","args":{}},
{"cat":"timing","pid":1,"tid":2,"ts":388922.200 ,"ph":"B","name":"glFlush83","args":{}},
{"cat":"timing","pid":1,"tid":2,"ts":388922.200 ,"ph":"E","name":"glFlush83","args":{}},
{"cat":"timing","pid":1,"tid":2,"ts":388922.200 ,"ph":"B","name":"glUseProgram(0);84","args":{}},
{"cat":"timing","pid":1,"tid":2,"ts":388922.300 ,"ph":"E","name":"glUseProgram(0);84","args":{}},
{"cat":"timing","pid":1,"tid":2,"ts":388891.200 ,"ph":"B","name":"renderSceneInternal85","args":{}},
{"cat":"timing","pid":1,"tid":2,"ts":388922.300 ,"ph":"E","name":"renderSceneInternal85","args":{}},
{"cat":"timing","pid":1,"tid":2,"ts":388925.400 ,"ph":"B","name":"setStatusBarMessage86","args":{}},
{"cat":"timing","pid":1,"tid":2,"ts":388940.500 ,"ph":"E","name":"setStatusBarMessage86","args":{}},
{"cat":"timing","pid":1,"tid":2,"ts":388940.601 ,"ph":"B","name":"updateOpenGL87","args":{}},
{"cat":"timing","pid":1,"tid":2,"ts":390991.700 ,"ph":"E","name":"updateOpenGL87","args":{}},
{"cat":"timing","pid":1,"tid":2,"ts":388940.600 ,"ph":"B","name":"renderGui88","args":{}},
{"cat":"timing","pid":1,"tid":2,"ts":390992.000 ,"ph":"E","name":"renderGui88","args":{}},
{"cat":"timing","pid":1,"tid":2,"ts":390992.100 ,"ph":"B","name":"Sync Parameters89","args":{}},
{"cat":"timing","pid":1,"tid":2,"ts":390992.200 ,"ph":"E","name":"Sync Parameters89","args":{}},
{"cat":"timing","pid":1,"tid":2,"ts":390992.200 ,"ph":"B","name":"Swap Buffers90","args":{}},
{"cat":"timing","pid":1,"tid":2,"ts":391005.600 ,"ph":"E","name":"Swap Buffers90","args":{}},
{"cat":"timing","pid":1,"tid":2,"ts":391005.600 ,"ph":"B","name":"forceUpdateScrollBars91","args":{}},
{"cat":"timing","pid":1,"tid":2,"ts":391006.100 ,"ph":"E","name":"forceUpdateScrollBars91","args":{}},
{"cat":"timing","pid":1,"tid":2,"ts":391007.200 ,"ph":"B","name":"mainThreadRelease92","args":{}},
{"cat":"timing","pid":1,"tid":2,"ts":391013.100 ,"ph":"E","name":"mainThreadRelease92","args":{}},
{"cat":"timing","pid":1,"tid":2,"ts":391007.000 ,"ph":"B","name":"eGUIHelperSetVisualizerFlag93","args":{}},
{"cat":"timing","pid":1,"tid":2,"ts":391013.200 ,"ph":"E","name":"eGUIHelperSetVisualizerFlag93","args":{}},
{"cat":"timing","pid":1,"tid":2,"ts":391013.300 ,"ph":"B","name":"updateGraphics94","args":{}},
{"cat":"timing","pid":1,"tid":2,"ts":391013.400 ,"ph":"E","name":"updateGraphics94","args":{}},
{"cat":"timing","pid":1,"tid":2,"ts":395007.300 ,"ph":"B","name":"updateGraphics95","args":{}},
{"cat":"timing","pid":1,"tid":2,"ts":395007.500 ,"ph":"E","name":"updateGraphics95","args":{}},
{"cat":"timing","pid":1,"tid":2,"ts":399007.700 ,"ph":"B","name":"updateGraphics96","args":{}},
{"cat":"timing","pid":1,"tid":2,"ts":399007.900 ,"ph":"E","name":"updateGraphics96","args":{}},
{"cat":"timing","pid":1,"tid":2,"ts":400777.100 ,"ph":"B","name":"mainThreadRelease97","args":{}},
{"cat":"timing","pid":1,"tid":2,"ts":400777.400 ,"ph":"E","name":"mainThreadRelease97","args":{}},
{"cat":"timing","pid":1,"tid":2,"ts":400776.000 ,"ph":"B","name":"eGUIHelperSetVisualizerFlag98","args":{}},
{"cat":"timing","pid":1,"tid":2,"ts":400777.500 ,"ph":"E","name":"eGUIHelperSetVisualizerFlag98","args":{}},
{"cat":"timing","pid":1,"tid":2,"ts":400779.700 ,"ph":"B","name":"mainThreadRelease99","args":{}},
{"cat":"timing","pid":1,"tid":2,"ts":400779.900 ,"ph":"E","name":"mainThreadRelease99","args":{}},
{"cat":"timing","pid":1,"tid":2,"ts":400779.600 ,"ph":"B","name":"eGUIHelperSetVisualizerFlag100","args":{}},
{"cat":"timing","pid":1,"tid":2,"ts":400779.900 ,"ph":"E","name":"eGUIHelperSetVisualizerFlag100","args":{}},
{"cat":"timing","pid":1,"tid":2,"ts":403007.100 ,"ph":"B","name":"updateGraphics101","args":{}},
{"cat":"timing","pid":1,"tid":2,"ts":403007.200 ,"ph":"E","name":"updateGraphics101","args":{}},
{"cat":"timing","pid":1,"tid":2,"ts":407007.200 ,"ph":"B","name":"updateGraphics102","args":{}},
{"cat":"timing","pid":1,"tid":2,"ts":407007.200 ,"ph":"E","name":"updateGraphics102","args":{}},
{"cat":"timing","pid":1,"tid":2,"ts":411007.100 ,"ph":"B","name":"updateGraphics103","args":{}},
{"cat":"timing","pid":1,"tid":2,"ts":411007.200 ,"ph":"E","name":"updateGraphics103","args":{}},
{"cat":"timing","pid":1,"tid":2,"ts":415007.100 ,"ph":"B","name":"updateGraphics104","args":{}},
{"cat":"timing","pid":1,"tid":2,"ts":415007.200 ,"ph":"E","name":"updateGraphics104","args":{}},
{"cat":"timing","pid":1,"tid":2,"ts":419007.200 ,"ph":"B","name":"updateGraphics105","args":{}},
{"cat":"timing","pid":1,"tid":2,"ts":419007.200 ,"ph":"E","name":"updateGraphics105","args":{}},
{"cat":"timing","pid":1,"tid":2,"ts":423007.400 ,"ph":"B","name":"updateGraphics106","args":{}},
{"cat":"timing","pid":1,"tid":2,"ts":423007.400 ,"ph":"E","name":"updateGraphics106","args":{}},
{"cat":"timing","pid":1,"tid":2,"ts":427007.300 ,"ph":"B","name":"updateGraphics107","args":{}},
{"cat":"timing","pid":1,"tid":2,"ts":427007.400 ,"ph":"E","name":"updateGraphics107","args":{}},
{"cat":"timing","pid":1,"tid":2,"ts":431007.300 ,"ph":"B","name":"updateGraphics108","args":{}},
{"cat":"timing","pid":1,"tid":2,"ts":431007.400 ,"ph":"E","name":"updateGraphics108","args":{}},
{"cat":"timing","pid":1,"tid":2,"ts":435007.400 ,"ph":"B","name":"updateGraphics109","args":{}},
{"cat":"timing","pid":1,"tid":2,"ts":435007.500 ,"ph":"E","name":"updateGraphics109","args":{}},
{"cat":"timing","pid":1,"tid":2,"ts":439007.400 ,"ph":"B","name":"updateGraphics110","args":{}},
{"cat":"timing","pid":1,"tid":2,"ts":439007.400 ,"ph":"E","name":"updateGraphics110","args":{}},
{"cat":"timing","pid":1,"tid":2,"ts":443007.400 ,"ph":"B","name":"updateGraphics111","args":{}},
{"cat":"timing","pid":1,"tid":2,"ts":443007.500 ,"ph":"E","name":"updateGraphics111","args":{}},
{"cat":"timing","pid":1,"tid":2,"ts":443188.201 ,"ph":"B","name":"flipPixelsY112","args":{}},
{"cat":"timing","pid":1,"tid":2,"ts":448925.100 ,"ph":"E","name":"flipPixelsY112","args":{}},
{"cat":"timing","pid":1,"tid":2,"ts":448925.200 ,"ph":"B","name":"glGenerateMipmap113","args":{}},
{"cat":"timing","pid":1,"tid":2,"ts":448926.100 ,"ph":"E","name":"glGenerateMipmap113","args":{}},
{"cat":"timing","pid":1,"tid":2,"ts":443188.200 ,"ph":"B","name":"updateTexture114","args":{}},
{"cat":"timing","pid":1,"tid":2,"ts":448926.200 ,"ph":"E","name":"updateTexture114","args":{}},
{"cat":"timing","pid":1,"tid":2,"ts":443188.100 ,"ph":"B","name":"updateTexture115","args":{}},
{"cat":"timing","pid":1,"tid":2,"ts":448926.300 ,"ph":"E","name":"updateTexture115","args":{}},
{"cat":"timing","pid":1,"tid":2,"ts":443153.500 ,"ph":"B","name":"GLInstancingRenderer::registerTexture116","args":{}},
{"cat":"timing","pid":1,"tid":2,"ts":448926.300 ,"ph":"E","name":"GLInstancingRenderer::registerTexture116","args":{}},
{"cat":"timing","pid":1,"tid":2,"ts":448926.400 ,"ph":"B","name":"mainThreadRelease117","args":{}},
{"cat":"timing","pid":1,"tid":2,"ts":448932.200 ,"ph":"E","name":"mainThreadRelease117","args":{}},
{"cat":"timing","pid":1,"tid":2,"ts":443152.800 ,"ph":"B","name":"eGUIHelperRegisterTexture118","args":{}},
{"cat":"timing","pid":1,"tid":2,"ts":448932.300 ,"ph":"E","name":"eGUIHelperRegisterTexture118","args":{}},
{"cat":"timing","pid":1,"tid":2,"ts":448933.200 ,"ph":"B","name":"updateGraphics119","args":{}},
{"cat":"timing","pid":1,"tid":2,"ts":448933.300 ,"ph":"E","name":"updateGraphics119","args":{}},
{"cat":"timing","pid":1,"tid":2,"ts":458187.100 ,"ph":"B","name":"mainThreadRelease120","args":{}},
{"cat":"timing","pid":1,"tid":2,"ts":458192.400 ,"ph":"E","name":"mainThreadRelease120","args":{}},
{"cat":"timing","pid":1,"tid":2,"ts":448933.800 ,"ph":"B","name":"eGUIHelperRegisterGraphicsShape121","args":{}},
{"cat":"timing","pid":1,"tid":2,"ts":458192.800 ,"ph":"E","name":"eGUIHelperRegisterGraphicsShape121","args":{}},
{"cat":"timing","pid":1,"tid":2,"ts":458194.800 ,"ph":"B","name":"updateGraphics122","args":{}},
{"cat":"timing","pid":1,"tid":2,"ts":458194.900 ,"ph":"E","name":"updateGraphics122","args":{}},
{"cat":"timing","pid":1,"tid":2,"ts":458379.200 ,"ph":"B","name":"mainThreadRelease123","args":{}},
{"cat":"timing","pid":1,"tid":2,"ts":458380.100 ,"ph":"E","name":"mainThreadRelease123","args":{}},
{"cat":"timing","pid":1,"tid":2,"ts":458375.600 ,"ph":"B","name":"eGUIHelperCreateRigidBodyGraphicsObject124","args":{}},
{"cat":"timing","pid":1,"tid":2,"ts":458380.300 ,"ph":"E","name":"eGUIHelperCreateRigidBodyGraphicsObject124","args":{}},
{"cat":"timing","pid":1,"tid":2,"ts":458381.700 ,"ph":"B","name":"mainThreadRelease125","args":{}},
{"cat":"timing","pid":1,"tid":2,"ts":458382.600 ,"ph":"E","name":"mainThreadRelease125","args":{}},
{"cat":"timing","pid":1,"tid":2,"ts":458381.000 ,"ph":"B","name":"eGUIHelperChangeGraphicsInstanceSpecularColor126","args":{}},
{"cat":"timing","pid":1,"tid":2,"ts":458382.700 ,"ph":"E","name":"eGUIHelperChangeGraphicsInstanceSpecularColor126","args":{}},
{"cat":"timing","pid":1,"tid":2,"ts":462195.000 ,"ph":"B","name":"updateGraphics127","args":{}},
{"cat":"timing","pid":1,"tid":2,"ts":462195.000 ,"ph":"E","name":"updateGraphics127","args":{}},
{"cat":"timing","pid":1,"tid":2,"ts":466195.000 ,"ph":"B","name":"updateGraphics128","args":{}},
{"cat":"timing","pid":1,"tid":2,"ts":466195.200 ,"ph":"E","name":"updateGraphics128","args":{}},
{"cat":"timing","pid":1,"tid":2,"ts":468677.700 ,"ph":"B","name":"mainThreadRelease129","args":{}},
{"cat":"timing","pid":1,"tid":2,"ts":468678.100 ,"ph":"E","name":"mainThreadRelease129","args":{}},
{"cat":"timing","pid":1,"tid":2,"ts":468676.000 ,"ph":"B","name":"eGUIHelperAutogenerateGraphicsObjects130","args":{}},
{"cat":"timing","pid":1,"tid":2,"ts":468678.100 ,"ph":"E","name":"eGUIHelperAutogenerateGraphicsObjects130","args":{}},
{"cat":"timing","pid":1,"tid":2,"ts":468908.600 ,"ph":"B","name":"mainThreadRelease131","args":{}},
{"cat":"timing","pid":1,"tid":2,"ts":468908.900 ,"ph":"E","name":"mainThreadRelease131","args":{}},
{"cat":"timing","pid":1,"tid":2,"ts":468908.500 ,"ph":"B","name":"eGUIHelperSetVisualizerFlag132","args":{}},
{"cat":"timing","pid":1,"tid":2,"ts":468908.900 ,"ph":"E","name":"eGUIHelperSetVisualizerFlag132","args":{}}
],
"displayTimeUnit": "ns"}
